"[u'cricket', u'lanka', u'herath', u'sri', u'spinner', u'board', u'time', u'matches', u'wickets', u'world', u'internationals', u't20', u'muralitharan', u'saying', u'endeavours', u'en', u'retired', u'twenty20', u'quoted', u'feel']",Non-Tech
"[u'rosberg', u'chinese', u'pole', u'qualifying', u'champion', u'grid', u'hamilton', u'world', u'mercedes', u'position', u'quicker', u'vettel', u'due', u'prix', u'set', u'finn', u'carrying', u'clocked', u'winner', u'raikkonen']",Non-Tech
"[u'murray', u'nadal', u'final', u'monte', u'carlo', u'monfils', u'match', u'masters', u'times', u'game', u'set', u'second', u'thats', u'today', u'winning', u'break', u'tomorrow', u'last', u'clay', u'won']",Non-Tech
"[u'pakistan', u'coach', u'cricket', u'inzamam-ul-haq', u'chief', u'set', u'selector', u'afghan', u'shaharyar', u'head', u'batting', u'former', u'khan', u'board', u'acb', u'stanikzai', u'inzamam', u'world', u'super', u'stage']",Non-Tech
"[u'wenger', u'arsenals', u'title', u'side', u'league', u'think', u'arsenal', u'call', u'palace', u'fading', u'arsene', u'points', u'time', u'leicester', u'ham', u'wengers', u'petr', u'pressure', u'strong', u'last']",Non-Tech
"[u'india', u'malaysia', u'australia', u'shah', u'cup', u'azlan', u'final', u'last', u'sultan', u'victory', u'league', u'times', u'zealand', u'points', u'hosts', u'singh', u'title', u'hockey', u'match', u'world']",Non-Tech
"[u'mchale', u'keys', u'stosur', u'australia', u'set', u'match', u'madison', u'cup', u'gavrilova', u'lead', u'forehand', u'fed', u'2-0', u'tie', u'group', u'world', u'win', u'australian', u'pretty', u'captain']",Non-Tech
"[u'malinga', u'board', u'asked', u'slc', u'without', u'explain', u'permission', u'joining', u't20', u'cricket', u'world', u'fitness', u'sri', u'hierarchy', u'sources', u'mumbai', u'main', u'ipl', u'indians', u'tournament']",Non-Tech
"[u'mergea', u'bopanna', u'monte', u'carlo', u'florin', u'tennis', u'indian', u'pair', u'masters', u'rohan', u'defeat', u'duty', u'first-round', u'murray', u'indo-romanian', u'partner', u'clash', u'romanian', u'condemned', u'mens']",Non-Tech
"[u'madrid', u'barcelona', u'real', u'getafe', u'la', u'liga', u'pressure', u'league', u'win', u'goal', u'5-1', u'benzema', u'point', u'champions', u'ronaldo', u'coach', u'struck', u'early', u'atletico', u'week']",Non-Tech
"[u'australia', u'india', u'minute', u'times', u'record', u'tournament', u'ghodes', u'cup', u'sultan', u'first', u'win', u'final', u'4-0', u'craig', u'shah', u'scored', u'azlan', u'won', u'world', u'quarter']",Non-Tech
"[u'rosberg', u'hamilton', u'third', u'prix', u'grand', u'wins', u'chinese', u'vettel', u'nico', u'front', u'race', u'last', u'victory', u'raikkonen', u'ricciardo', u'win', u'early', u'world', u'kvyats', u'mercedes']",Non-Tech
"[u'robinson', u'philadelphia', u'jackie', u'years', u'phillies', u'dodgers', u'baseball', u'chapman', u'league', u'season', u'eig', u'robinsons', u'major', u'player', u'apology', u'resolution', u'game', u'monarchs', u'first', u'council']",Non-Tech
"[u'islanders', u'arbour', u'coach', u'father', u'times', u'figure', u'al', u'team', u'players', u'family', u'career', u'played', u'gillies', u'cup', u'arbours', u'stanley', u'huntington', u'won', u'days', u'first']",Non-Tech
"[u'yankees', u'mr.', u'stadium', u'levine', u'socialism', u'public', u'brodsky', u'million', u'york', u'times', u'pay', u'subsidy', u'dont', u'revenue', u'bonds', u'taxes', u'federal', u'baseball', u'tax-exempt', u'bernie']",Non-Tech
"[u'monte', u'nadal', u'carlo', u'6-1', u'6-4', u'muguruza', u'murray', u'world', u'monfils', u'fed', u'group', u'title', u'playoff', u'andy', u'4', u'beat', u'host', u'masters', u'surez', u'cup']",Non-Tech
"[u'dunn', u'soccer', u'crystal', u'times', u'team', u'player', u'game', u'national', u'dunns', u'im', u'johnston', u'states', u'united', u'hard', u'cup', u'goals', u'time', u'years', u'23', u'carolina']",Non-Tech
"[u'video', u'lin', u'fouls', u'kuei', u'hard', u'jeremy', u'fan', u'highlights', u'times', u'season', u'fans', u'media', u'letter', u'league', u'taiwan', u'n.b.a', u'wei', u'rules', u'foul', u'attention']",Non-Tech
"[u'figure', u'skating', u'players', u'skaters', u'faster', u'aidelbaum', u'turn', u'skater', u'reinhart', u'hockey', u'n.h.l', u'training', u'bozak', u'league', u'ice', u'coach', u'sabres', u'vancouver', u'years', u'underhill']",Non-Tech
"[u'yankees', u'mariners', u'sabathia', u'runners', u'times', u'base', u'first', u'third', u'second', u'inning', u'fifth', u'scoring', u'ball', u'game', u'run', u'hernandez', u'rodriguez', u'innings', u'beltran', u'home']",Non-Tech
"[u'women', u'race', u'boston', u'marathon', u'gibb', u'men', u'years', u'running', u'run', u'first', u'way', u'woman', u'course', u'world', u'daughter', u'sports', u'allowed', u'went', u'wanted', u'onto']",Non-Tech
"[u'league', u'loss', u'united', u'relegation', u'villas', u'aston', u'top', u'points', u'villa', u'madrid', u'season', u'behind', u'sunderland', u'premier', u'barcelona', u'leagues', u'gave', u'newcastle', u'victory', u'visiting']",Non-Tech
"[u'hit', u'inning', u'home', u'run', u'hits', u'runs', u'nationals', u'seventh', u'phillies', u'first', u'homer', u'straight', u'innings', u'fifth', u'4', u'games', u'two-run', u'visiting', u'homered', u'struck']",Non-Tech
"[u'pacquiao', u'boxing', u'manny', u'future', u'bradley', u'fight', u'fighters', u'round', u'first', u'mayweather', u'roach', u'sport', u'seemed', u'hand', u'time', u'retire', u'retirement', u'sent', u'half', u'world']",Non-Tech
"[u'rangers', u'penguins', u'game', u'second', u'lundqvist', u'brassard', u'pittsburgh', u'played', u'goals', u'puck', u'period', u'playoff', u'play', u'miller', u'goal', u'kreider', u'found', u'zatkoff', u'scoring', u'power']",Non-Tech
"[u'fouls', u'n.b.a', u'lin', u'flagrant', u'video', u'times', u'york', u'kuei', u'jeremy', u'article', u'players', u'among', u'foul', u'wrote', u'drawn', u'officiating', u'instances', u'head', u'hard', u'leaguewide']",Non-Tech
"[u'win', u'hamilton', u'rosberg', u'mate', u'race', u'team', u'seventh', u'vettel', u'prix', u'extends', u'last', u'ahead', u'first', u'finished', u'streak', u'collision', u'grand', u'early', u'third', u'german']",Non-Tech
"[u'marathon', u'women', u'running', u'boston', u'years', u'first', u'gibb', u'race', u'ago', u'womens', u'run', u'olympic', u'sports', u'runners', u'finish', u'loved', u'winfrey', u'men', u'ladies', u'ran']",Non-Tech
"[u'game', u'league', u'all-star', u'silver', u'jerseys', u'allow', u'n.b.a', u'carolina', u'york', u'ads', u'north', u'gun', u'teams', u'issue', u'owners', u'logos', u'sponsor', u'leagues', u'fans', u'team']",Non-Tech
"[u'game', u'bryants', u'kobe', u'finale', u'points', u'score', u'season', u'bryant', u'final', u'60', u'scored', u'considered', u'n.b.a', u'fans', u'daviss', u'shots', u'fewer', u'set', u'likely', u'statistic']",Non-Tech
"[u'win', u'erik', u'larson', u'laps', u'final', u'restart', u'jones', u'kyle', u'bristol', u'speedway', u'past', u'held', u'tennessee', u'motor', u'busch', u'xfinity', u'series', u'200', u'led', u'race-high']",Non-Tech
"[u'curry', u'warriors', u'stephen', u'times', u'well', u'game', u'rockets', u'golden', u'houston', u'kerr', u'season', u'last', u'state', u'guard', u'second', u'games', u'playoff', u'states', u'points', u'coach']",Non-Tech
"[u'soccer', u'team', u'world', u'u.s.', u'equal', u'national', u'pay', u'cup', u'womens', u'federation', u'women', u'last', u'united', u'years', u'mens', u'players', u'states', u'money', u'yes', u'weve']",Non-Tech
"[u'locker', u'room', u'visiting', u'arena', u'players', u'wizards', u'rooms', u'adams', u'sleep', u'train', u'teams', u'home', u'sessions', u'long', u'league', u'last', u'kings', u'center', u'team', u'gooden']",Non-Tech
"[u'college', u'olympic', u'athletes', u'ledecky', u'swimming', u'goes', u'sports', u'franklin', u'money', u'really', u'pro', u'swim', u'music', u'bowman', u'dont', u'grenardo', u'n.c.a.a', u'even', u'university', u'student-athletes']",Non-Tech
"[u'mexico', u'u.n.l.v', u'menzies', u'coach', u'years', u'states', u'marvin', u'assistant', u'agreed', u'moved', u'sudden', u'basketball', u'agreeing', u'less', u'state', u'exit', u'weeks', u'texas', u'five-year', u'ago']",Non-Tech
"[u'ledecky', u'200', u'seconds', u'katie', u'phelps', u'won', u'free', u'finished', u'third', u'days', u'friis', u'1:57.90', u'third-fastest', u'series', u'pro', u'800-meter', u'individual', u'100', u'lotte', u'freestyle']",Non-Tech
"[u'harvey', u'sixth', u'matt', u'times', u'last', u'inning', u'hitters', u'game', u'mets', u'indians', u'strike', u'season', u'innings', u'ball', u'first', u'lost', u'guys', u'strikeout', u'happened', u'collins']",Non-Tech
"[u'goal', u'capitals', u'stars', u'scored', u'puck', u'game', u'mason', u'flyers', u'series', u'second', u'first', u'period', u'roussel', u'lead', u'net', u'night', u'playoff', u'philadelphia', u'line', u'chimera']",Non-Tech
"[u'miller', u'times', u'bike', u'race', u'cheat', u'swim', u'ironman', u'athletes', u'course', u'chip', u'time', u'timing', u'canada', u'people', u'young', u'millers', u'races', u'davis', u'even', u'marathon']",Non-Tech
"[u'father', u'years', u'golf', u'scott', u'balance', u'watson', u'last', u'world', u'lot', u'wife', u'time', u'daughter', u'family', u'1', u'top', u'10', u'players', u'im', u'age', u'woods']",Non-Tech
"[u'reid', u'olympics', u'women', u'sport', u'matchplay', u'mixed', u'golf', u'event', u'needs', u'players', u'part', u'gold', u'solheim', u'olympic', u'last', u'think', u'feel', u'way', u'something', u'cricket']",Non-Tech
"[u'villa', u'red', u'bulls', u'scoring', u'minute', u'n.y.c.f.c', u'loss', u'columbus', u'york', u'season', u'goals', u'goal', u'scored', u'drought', u'kick', u'game', u'host', u'last', u'games', u'colorado']",Non-Tech
"[u'lanka', u'sri', u'herath', u'cricket', u'twenty20', u'spinner', u'board', u'time', u'matches', u'wickets', u'world', u'internationals', u'muralitharan', u'saying', u'en', u'retired', u'quoted', u'feel', u'successfully', u'burden']",Non-Tech
"[u'season', u'cup', u'playoffs', u'games', u'n.h.l', u'first', u'last', u'won', u'round', u'vs.', u'1', u'postseason', u'rangers', u'series', u'florida', u'defenseman', u'capitals', u'team', u'chicago', u'flyers']",Non-Tech
"[u'degrom', u'mets', u'collins', u'florida', u'newborn', u'jacob', u'family', u'throw', u'medical', u'hes', u'stacey', u'first', u'think', u'dont', u'spoken', u'child', u'son', u'baby', u'manager', u'bullpen']",Non-Tech
"[u'editor', u'sports', u're', u'york', u'april', u'years', u'mantle', u'team', u'industry', u'augusta', u'robinson', u'brooklyn', u'public', u'players', u'tennis', u'dodgers', u'wimbledon', u'attend', u'jackie', u'yet']",Non-Tech
"[u'university', u'swoopes', u'players', u'season', u'athletes', u'last', u'womens', u'basketball', u'sheryl', u'coach', u'mistreated', u'chicago', u'investigation', u'led', u'according', u'asked', u'statement', u'transferred', u'three-time', u'houston']",Non-Tech
"[u'auriemma', u'coach', u'uconn', u'illness', u'hospitalized', u'undisclosed', u'school', u'feeling', u'saying', u'says', u'parade', u'resting', u'wnba', u'guided', u'reporters', u'bradley', u'62-year-old', u'national', u'honored', u'11th']",Non-Tech
"[u'q', u'miller', u'coach', u'times', u'analyst', u'reggie', u'warriors', u'a.', u'win', u'lebron', u'hes', u'cavs', u'playoffs', u'ping-pong', u'around', u'james', u'drake', u'team', u'summer', u'oh']",Non-Tech
"[u'spieth', u'jordan', u'tough', u'willett', u'green', u'spieths', u'hit', u'augusta', u'holes', u'jacket', u'shot', u'putting', u'round', u'even', u'strokes', u'masters', u'swing', u'big', u'game', u'lost']",Non-Tech
"[u'auriemma', u'hospitalized', u'feeling', u'university', u'geno', u'saying', u'coach', u'resting', u'bradley', u'locks', u'62', u'illness', u'comfortably', u'windsor', u'hospital', u'connecticuts', u'statement', u'taken', u'international', u'undisclosed']",Non-Tech
"[u'titles', u'semenya', u'times', u'800', u'won', u'400', u'1,500', u'hours', u'championships', u'world', u'first', u'olympic', u'set', u'ran', u'win', u'national', u'within', u'800-meter', u'meters', u'suspended']",Non-Tech
"[u'panthers', u'game', u'cifu', u'viola', u'team', u'york', u'islanders', u'pretty', u'years', u'school', u'brooklyn', u'first', u'grew', u'vinnie', u'bamontes', u'rangers', u'hockey', u'people', u'ranger', u'playoff']",Non-Tech
"[u'team', u'season', u'pick', u'opener', u'vs.', u'playoff', u'head-to-head', u'n.b.a', u'times', u'p.m', u'warriors', u'offense', u'hawks', u'spurs', u'games', u'hornets', u'coach', u'thunder', u'celtics', u'6']",Non-Tech
"[u'islanders', u'jagr', u'goals', u'york', u'times', u'game', u'jaromir', u'vs.', u'goal', u'career', u'assists', u'years', u'team', u'won', u'playoff', u'time', u'61', u'penguins', u'victory', u'series']",Non-Tech
"[u'creator', u'derby', u'lengths', u'arkansas', u'third', u'kentucky', u'race', u'victory', u'stakes', u'trainer', u'ahead', u'leaders', u'win', u'colt', u'3-year-olds', u'steve', u'springs', u'late', u'won', u'earned']",Non-Tech
"[u'mantle', u'mickey', u'mantles', u'town', u'legacy', u'commerce', u'prosperity', u'baseball', u'name', u'waybright', u'visitors', u'around', u'people', u'museum', u'plans', u'years', u'fund', u'statue', u'money', u'way']",Non-Tech
"[u'title', u'oklahoma', u'10', u'gymnastics', u'mens', u'points', u'team', u'10th', u'national', u'successfully', u'defended', u'illinois', u'sooners', u'least', u'state', u'penn', u'scored', u'dominant', u'beat', u'championships']",Non-Tech
"[u'lee', u'lpga', u'second', u'last', u'birdie', u'tour', u'shot', u'try', u'championship', u'lotte', u'won', u'minjee', u'player', u'ko', u'really', u'win', u'64', u'putt', u'korean', u'chun']",Non-Tech
"[u'warriors', u'league', u'curry', u'rose', u'team', u'golden', u'last', u'games', u'record', u'green', u'playoffs', u'n.b.a', u'state', u'season', u'line', u'spurs', u'seemed', u'winning', u'around', u'oklahoma']",Non-Tech
"[u'mr.', u'nurse', u'report', u'sly', u'ms.', u'interest', u'role', u'lopez-bartlett', u'collins', u'athletes', u'prescriptions', u'according', u'several', u'al', u'antidoping', u'told', u'baseball', u'performance-enhancing', u'slys', u'pylant']",Non-Tech
"[u'sturm', u'positive', u'steroid', u'felix', u'sample', u'champion', u'times', u'win', u'world', u'b', u'tested', u'found', u'absolutely', u'urine', u'indicates', u'fedor', u'result', u'two-year', u'feb.', u'opened']",Non-Tech
"[u'hockey', u'players', u'u.s.a.', u'program', u'world', u'miracles', u'development', u'international', u'medals', u'won', u'teams', u'coach', u'bronze', u'first', u'programs', u'degregorio', u'events', u'championship', u'years', u'team']",Non-Tech
"[u'last', u'game', u'series', u'points', u'george', u'season', u'pacers', u'raptors', u'playoff', u'atlanta', u'first', u'derozan', u'celtics', u'toronto', u'teague', u'lowry', u'scored', u'playoffs', u'means', u'missed']",Non-Tech
"[u'white', u'basketball', u'nera', u'times', u'80', u'womens', u'player', u'college', u'team', u'hall', u'fame', u'game', u'tenn.', u'women', u'national', u'nashville', u'led', u'farm', u'first', u'playing']",Non-Tech
"[u'lead', u'one-stroke', u'shot', u'donald', u'hilton', u'jason', u'head', u'luke', u'round', u'charley', u'kapolei', u'mike', u'lorenzo-vera', u'ap', u'entering', u'spanish', u'69', u'kokrak', u'two-under-par', u'lotte']",Non-Tech
"[u'wittman', u'season', u'wizards', u'washington', u'berth', u'randy', u'disappointing', u'without', u'coach', u'last', u'team', u'seasons', u'conference', u'years', u'first', u'roster', u'playoffs', u'players', u'eastern', u'im']",Non-Tech
"[u'hatcher', u'nfl', u'jason', u'redskins', u'washington', u'seasons', u'post', u'games', u'season', u'10', u'sacks', u'draft', u'end', u'team', u'cowboys', u'woy', u'recorded', u'last', u'career', u'final']",Non-Tech
"[u'chimera', u'mason', u'goal', u'april', u'red', u'2016', u'line', u'17', u'jason', u'steve', u'https', u'gave', u'game', u'attempt', u'capitals', u'sheet', u'things', u'chimeras', u'nbcsports', u'legs']",Non-Tech
"[u'nfl', u'redskins', u'draft', u'cornerback', u'washington', u'post', u'college', u'defensive', u'first', u'whose', u'teams', u'safety', u'toler', u'last', u'games', u'knee', u'season', u'pick', u'corner', u'ought']",Non-Tech
"[u'first', u'seconds', u'wall', u'holt', u'800', u'sophomore', u'battlefield', u'team', u'100', u'girls', u'running', u'1600', u'harrison', u'morning', u'race', u'run', u'invitational', u'davis', u'form', u'season']",Non-Tech
"[u'capitals', u'game', u'grubauer', u'goaltender', u'extra', u'holtby', u'recalled', u'season', u'4', u'case', u'quietly', u'washington', u'trotz', u'wasnt', u'something', u'regular', u'coach', u'maine', u'happened', u'dan']",Non-Tech
"[u'hockey', u'game', u'injury', u'scary', u'laughton', u'boards', u'tough', u'hit', u'play', u'routine', u'capitals', u'talk', u'flyers', u'never', u'thing', u'hes', u'hope', u'philadelphia', u'lot', u'carlson']",Non-Tech
"[u'nfl', u'draft', u'ago', u'pass', u'first', u'top', u'play', u'linebacker', u'bowl', u'lawson', u'run', u'super', u'washington', u'receiver', u'well', u'graded', u'defensive', u'doctson', u'jones', u'fall']",Non-Tech
"[u'laborwit', u'churchill', u'faceoff', u'game', u'wootton', u'record', u'bulldogs', u'past', u'austin', u'patriots', u'goal', u'circle', u'early', u'loss', u'rubino', u'spring', u'added', u'knife', u'quarter', u'opening']",Non-Tech
"[u'beal', u'wizards', u'summer', u'washington', u'bradley', u'terms', u'season', u'didnt', u'minutes', u'million', u'free', u'game', u'injury', u'im', u'games', u'around', u'per', u'contract', u'offer', u'july']",Non-Tech
"[u'brooks', u'grunfeld', u'wizards', u'coaching', u'coach', u'scott', u'ernie', u'california', u'head', u'oklahoma', u'rockets', u'nba', u'thunder', u'million', u'reportedly', u'president', u'bickerstaff', u'knicks', u'per', u'never']",Non-Tech
"[u'wizards', u'coach', u'brooks', u'washington', u'seasons', u'head', u'nba', u'coaching', u'thibodeau', u'team', u'grunfeld', u'durant', u'intriguing', u'season', u'players', u'experience', u'defensive', u'phoenix', u'playoff', u'record']",Non-Tech
"[u'neuvirth', u'holtby', u'capitals', u'washington', u'braden', u'post', u'michal', u'wasnt', u'crease', u'season', u'years', u'game', u'flyers', u'goaltender', u'win', u'coach', u'varlamov', u'last', u'hes', u'started']",Non-Tech
"[u'brooks', u'durant', u'wizards', u'washington', u'even', u'hiring', u'scott', u'kevin', u'upside', u'post', u'coach', u'thunder', u'oklahoma', u'nba', u'westbrook', u'coaching', u'million', u'team', u'carlisle', u'salary']",Non-Tech
"[u'prince', u'21', u'2016', u'april', u'rip', u'world', u'death', u'sports', u'entertainers', u'legend', u'minnesota', u'ripprince', u'twins', u'passing', u'today', u'sad', u'icon', u'earvin', u'vikings', u'princes']",Non-Tech
"[u'carolina', u'game', u'north', u'silver', u'law', u'all-star', u'nba', u'league', u'controversial', u'decision', u'set', u'last', u'think', u'time', u'press', u'view', u'people', u'event', u'timeline', u'setting']",Non-Tech
"[u'orioles', u'blue', u'jays', u'first', u'machado', u'game', u'victory', u'series', u'inning', u'gave', u'baltimore', u'pitches', u'else', u'particularly', u'big-swinging', u'certainly', u'field', u'finally', u'jam', u'east']",Non-Tech
"[u'chyna', u'wrestling', u'wwe', u'wrestlers', u'broke', u'female', u'21', u'2016', u'april', u'post', u'washington', u'mold', u'woman', u'ripchyna', u'eck', u'professional', u'pioneer', u'women', u'ring', u'world']",Non-Tech
"[u'basketball', u'nicola', u'hes', u'school', u'17', u'cusumano', u'30', u'high', u'player', u'canada', u'canadian', u'windsor', u'played', u'nba', u'according', u'years', u'nicolas', u'scored', u'points', u'sudan']",Non-Tech
"[u'percent', u'batters', u'pitch', u'yankees', u'bullpen', u'season', u'betances', u'miller', u'rate', u'bautista', u'ball', u'game', u'baseball', u'last', u'strike', u'2015', u'inches', u'zone', u'curveballs', u'plate']",Non-Tech
"[u'gordon', u'griffin', u'josh', u'manziel', u'robert', u'iii', u'tell', u'grown', u'man', u'browns', u'nfl', u'continue', u'reinstatement', u'wide', u'im', u'season', u'quarterback', u'suspension', u'hope', u'picked']",Non-Tech
"[u'baker', u'revere', u'ben', u'taylor', u'trip', u'team', u'season', u'part', u'oblique', u'return', u'game', u'dusty', u'swing', u'first', u'philadelphia', u'tell', u'phillies', u'aggressive', u'hit', u'play']",Non-Tech
"[u'lynch', u'haiti', u'school', u'marshawn', u'nfl', u'build', u'avril', u'elementary', u'awesome', u'country', u'guys', u'retirement', u'stephen', u'2016', u'cool', u'turns', u'joined', u'cliffavril', u'egypt', u'support']",Non-Tech
"[u'rousey', u'people', u'lost', u'ronda', u'grieving', u'sense', u'invincibility', u'im', u'thats', u'november', u'holm', u'things', u'time', u'loss', u'rouseys', u'ufc', u'win', u'tate', u'part', u'saw']",Non-Tech
"[u'game', u'park', u'nats', u'yes', u'youll', u'nationals', u'caps', u'capitals', u'center', u'tickets', u'spokesperson', u'shown', u'playoff', u'verizon', u'harper', u'time', u'limited', u'photo', u'scoreboard', u'years']",Non-Tech
"[u'knee', u'trotz', u'game', u'thats', u'kuznetsov', u'cross-check', u'capitals', u'schenns', u'brayden', u'play', u'evgeny', u'send', u'guys', u'mentioned', u'pretty', u'schenn', u'loss', u'twice', u'neuvirth', u'series']",Non-Tech
"[u'manfred', u'baseball', u'game', u'think', u'harper', u'bryce', u'fun', u'rob', u'harpers', u'commissioner', u'way', u'rules', u'theyre', u'generation', u'comments', u'players', u'people', u'great', u'dialogue', u'unwritten']",Non-Tech
"[u'puerto', u'rico', u'players', u'u.s.', u'copa', u'klinsmann', u'22', u'mens', u'friendly', u'team', u'national', u'play', u'camp', u'matches', u'game', u'training', u'keep', u'first', u'roster', u'june']",Non-Tech
"[u'arrieta', u'2016', u'jake', u'no-hitter', u'cubs', u'first', u'reds', u'22', u'april', u'season', u'no-hit', u'runs', u'pitcher', u'espn', u'espnstatsinfo', u'stats', u'info', u'era', u'mlb', u'cincinnati']",Non-Tech
"[u'silver', u'free', u'nba', u'foul', u'hack-a-shaq', u'game', u'season', u'throw', u'rule', u'adam', u'summer', u'years', u'practice', u'last', u'times', u'throws', u'issue', u'way', u'games', u'center']",Non-Tech
"[u'olsen', u'mls', u'field', u'game', u'ball', u'coach', u'suspended', u'ben', u'official', u'play', u'd.c.', u'united', u'video', u'onto', u'sideline', u'rule', u'committee', u'bench', u'match', u'england']",Non-Tech
"[u'golovkin', u'sanchez', u'fight', u'boxer', u'boxing', u'nobody', u'gym', u'trainer', u'hes', u'time', u'alvarez', u'mayweather', u'ring', u'sport', u'youll', u'fighter', u'manny', u'names', u'sports', u'weeks']",Non-Tech
"[u'harper', u'bryce', u'style', u'cant', u'50', u'say', u'fashionable', u'always', u'bharper3407', u'2015', u'mlb', u'photo', u'look', u'fashion', u'something', u'posted', u'jacket', u'all-star', u'lining', u'game']",Non-Tech
"[u'thibodeau', u'timberwolves', u'bulls', u'ranked', u'minnesota', u'defensive', u'chicago', u'tom', u'team', u'top', u'season', u'post', u'percentage', u'points', u'towns', u'perimeter', u'coach', u'defense', u'per', u'allowed']",Non-Tech
"[u'golovkin', u'sanchez', u'fight', u'boxer', u'boxing', u'nobody', u'gym', u'trainer', u'hes', u'time', u'alvarez', u'mayweather', u'ring', u'sport', u'youll', u'fighter', u'manny', u'names', u'sports', u'weeks']",Non-Tech
"[u'laurer', u'wrestling', u'police', u'chyna', u'ms.', u'world', u'wwe', u'post', u'female', u'washington', u'wrestler', u'46', u'reality', u'professional', u'including', u'dead', u'told', u'involved', u'appeared', u'redondo']",Non-Tech
"[u'werth', u'baker', u'zimmerman', u'lineup', u'ryan', u'jayson', u'taylor', u'youre', u'hes', u'legs', u'didnt', u'leadoff', u'play', u'tough', u'pretty', u'dekker', u'game', u'healthy', u'looking', u'anything']",Non-Tech
"[u'mcgregor', u'hes', u'conor', u'ufc', u'saying', u'post', u'retired', u'fight', u'200', u'training', u'retiring', u'tweet', u'mcgregors', u'million', u'card', u'last', u'white', u'mike', u'fights', u'time']",Non-Tech
"[u'prince', u'sports', u'world', u'super', u'bowl', u'rocked', u'show', u'halftime', u'york', u'nba', u'march', u'2016', u'reporters', u'times', u'curry', u'story', u'play', u'rain', u'carlos', u'years']",Non-Tech
"[u'defeat', u'club', u'mls', u'stadium', u'parkhurst', u'concacaf', u'home', u'd.c.', u'review', u'abroad', u'americans', u'90', u'played', u'rejer', u'united', u'wahl', u'seats', u'title', u'f', u'michael']",Non-Tech
"[u'raptors', u'series', u'toronto', u'game', u'win', u'team', u'past', u'washington', u'playoff', u'derozan', u'first', u'point', u'despite', u'seasons', u'years', u'games', u'season', u'cant', u'least', u'all-star']",Non-Tech
"[u'yards', u'spring', u'defensive', u'game', u'maryland', u'durkin', u'red-white', u'marylands', u'first', u'offense', u'defense', u'tackles', u'players', u'run', u'carries', u'junior', u'sacks', u'team', u'past', u'touchdowns']",Non-Tech
"[u'likely', u'defense', u'new-look', u'season', u'marylands', u'return', u'maryland', u'cornerback', u'game', u'defensive', u'first', u'yards', u'final', u'senior', u'coaching', u'big', u'ten', u'spring', u'past', u'learn']",Non-Tech
"[u'ledecky', u'olympic', u'swim', u'meet', u'series', u'arena', u'800-meter', u'katie', u'freestyle', u'pro', u'world', u'rio', u'half', u'ledeckys', u'second', u'behind', u'100', u'swimming', u'days', u'games']",Non-Tech
"[u'sports', u'vs.', u'bein', u'matches', u'connect', u'nbc', u'foxsoccer2go.com', u'espanol', u'deportes', u'fubotv', u'fox', u'extra', u'9', u'nbcsports.com/liveextra', u'9:30', u'international', u'univision', u'11', u'10', u'rai']",Non-Tech
"[u'laughton', u'hospital', u'flyers', u'scott', u'boards', u'washington', u'update', u'2016', u'team', u'post', u'discharged', u'say', u'april', u'game', u'capitals', u'21', u'philadelphia', u'taken', u'guys', u'coach']",Non-Tech
"[u'norman', u'free', u'redskins', u'agent', u'million', u'josh', u'washington', u'cornerback', u'offer', u'panthers', u'franchise', u'tag', u'cap', u'deal', u'players', u'culliver', u'end', u'cornerbacks', u'knowledge', u'2015']",Non-Tech
"[u'hit', u'wilson', u'game', u'trotz', u'washington', u'status', u'orpik', u'hard', u'brooks', u'unclear', u'tom', u'didnt', u'orpiks', u'skate', u'4', u'capitals', u'sort', u'head', u'suffered', u'flyers']",Non-Tech
"[u'game', u'loss', u'season', u'caps', u'5', u'washington', u'coming', u'games', u'team', u'streak', u'losses', u'goal', u'even', u'losing', u'overtime', u'lose', u'time', u'row', u'early', u'teams']",Non-Tech
"[u'sessions', u'free', u'point', u'guard', u'washington', u'starting', u'ramon', u'season', u'games', u'wall', u'summer', u'last', u'starter', u'wizards', u'backup', u'per', u'throw', u'role', u'minutes', u'years']",Non-Tech
"[u'warriors', u'ervin', u'sherwood', u'runs', u'seventh', u'season', u'inning', u'alive', u'run', u'whitman', u'first', u'pitcher', u'play', u'strikeout', u'hit', u'fourth', u'game', u'team', u'went', u'sean']",Non-Tech
"[u'jordan', u'woods', u'tiger', u'future', u'michael', u'tell', u'cant', u'thompson', u'think', u'hes', u'golf', u'happiness', u'dont', u'life', u'woodss', u'major', u'years', u'ended', u'yet', u'writes']",Non-Tech
"[u'redskins', u'draft', u'linebacker', u'nfl', u'defensive', u'post', u'washington', u'pass', u'mccloughan', u'rusher', u'season', u'inside', u'spence', u'ranks', u'manager', u'lb', u'add', u'returning', u'overall', u'teams']",Non-Tech
"[u'golf', u'cover', u'digest', u'lpga', u'ko', u'players', u'social', u'media', u'spiranac', u'lydia', u'photo', u'2016', u'player', u'golfdigest', u'digests', u'magazines', u'honored', u'people', u'twitter', u'lexi']",Non-Tech
"[u'schenn', u'bench', u'ovechkin', u'o-vi', u'flyers', u'crushing', u'hit', u'brayden', u'alex', u'center', u'capitals', u'period', u'april', u'2016', u'verizon', u'play', u'16', u'first', u'1-0', u'isabelle']",Non-Tech
"[u'lee', u'draft', u'nfl', u'post', u'linebackers', u'lb', u'darron', u'makes', u'washington', u'compelling', u'case', u'linebacker', u'quarterbacks', u'combine', u'ohio', u'redskins', u'top', u'tackles', u'ball', u'qb']",Non-Tech
"[u'brooks', u'coach', u'washington', u'wizards', u'durant', u'scott', u'head', u'nba', u'grunfeld', u'seasons', u'coaching', u'thunder', u'million', u'president', u'top', u'thibodeau', u'operations', u'leagues', u'knowledge', u'sheppard']",Non-Tech
"[u'nationals', u'scherzer', u'harper', u'marlins', u'road', u'trip', u'runs', u'innings', u'first', u'loss', u'home', u'washington', u'max', u'5-1', u'hits', u'run', u'pitching', u'koehler', u'0', u'early']",Non-Tech
"[u'nationals', u'era', u'majors', u'pitching', u'washington', u'starters', u'season', u'contact', u'staff', u'fip', u'percent', u'bullpen', u'teams', u'ross', u'early', u'per', u'joe', u'league', u'games', u'strikes']",Non-Tech
"[u'bus', u'driver', u'team', u'virginia', u'baseball', u'consciousness', u'post', u'crashes', u'staff', u'miami', u'emergency', u'virginias', u'traveling', u'members', u'hotel', u'carroll', u'transported', u'medical', u'parked', u'coaching']",Non-Tech
"[u'maryland', u'virginia', u'defense', u'first', u'win', u'dominant', u'half', u'post', u'goals', u'lacrosse', u'game', u'season', u'defensive', u'senior', u'offensive', u'theyre', u'night', u'second', u'ball', u'really']",Non-Tech
"[u'texas', u'beard', u'tech', u'unlv', u'weeks', u'coach', u'went', u'red', u'raiders', u'mens', u'team', u'deal', u'home', u'million', u'job', u'great', u'ncaa', u'basketball', u'tournament', u'vegas']",Non-Tech
"[u'game', u'washington', u'capitals', u'flyers', u'playoff', u'holtby', u'thread', u'2', u'discussion', u'career', u'save', u'shots', u'series', u'home', u'braden', u'franchise', u'last', u'games', u'conference', u'played']",Non-Tech
"[u'edmunds', u'virginia', u'trey', u'tech', u'marylands', u'maryland', u'college', u'slate', u'clean', u'players', u'anything', u'practice', u'career', u'freshman', u'father', u'school', u'dont', u'stadium', u'football', u'different']",Non-Tech
"[u'rugby', u'ebner', u'patriots', u'pitch', u'nate', u'team', u'safety', u'hes', u'training', u'sevens', u'absence', u'world', u'nfl', u'leave', u'england', u'usually', u'system', u'lot', u'today', u'player']",Non-Tech
"[u'percent', u'warriors', u'rockets', u'per', u'looks', u'game', u'points', u'three-point', u'shots', u'defensive', u'opponents', u'season', u'houston', u'possessions', u'state', u'losses', u'golden', u'player', u'shot', u'rebounds']",Non-Tech
"[u'game', u'goal', u'mason', u'way', u'chimera', u'jason', u'steve', u'caps', u'happen', u'feel', u'less', u'even', u'puck', u'hes', u'holtby', u'wasnt', u'well', u'something', u'try', u'ovechkin']",Non-Tech
"[u'vollmer', u'dana', u'olympic', u'swimmer', u'13-month-old', u'time', u'worrell', u'100', u'started', u'american', u'first', u'swim', u'world', u'months', u'swimming', u'way', u'felt', u'pool', u'second', u'love']",Non-Tech
"[u'baker', u'nationals', u'lineup', u'dusty', u'youre', u'winning', u'little', u'season', u'always', u'attitude', u'habits', u'lose', u'really', u'even', u'team', u'getting', u'starts', u'first', u'saw', u'rosen']",Non-Tech
"[u'lin', u'video', u'foul', u'nba', u'flagrant', u'hard', u'fan-made', u'jeremy', u'fouls', u'league', u'drawn', u'times', u'players', u'kuei', u'attention', u'drives', u'referees', u'point', u'didnt', u'letter']",Non-Tech
"[u'scherzer', u'harper', u'nationals', u'phillies', u'hits', u'fifth', u'runs', u'games', u'baker', u'lineup', u'hit', u'home', u'max', u'8-1', u'washington', u'straight', u'well', u'bryce', u'past', u'second']",Non-Tech
"[u'united', u'uniteds', u'toronto', u'home', u'post', u'washington', u'd.c.', u'game', u'olsen', u'goals', u'time', u'scoring', u'last', u'final', u'box', u'season', u'irwin', u'goal', u'ball', u'touch']",Non-Tech
"[u'game', u'flyers', u'capitals', u'2', u'washington', u'prove', u'belong', u'1', u'morning', u'play', u'hakstol', u'playoffs', u'reporters', u'giroux', u'didnt', u'sticking', u'philadelphia', u'forward', u'center', u'think']",Non-Tech
"[u'league', u'first', u'season', u'womens', u'fourth', u'soccer', u'players', u'team', u'nwsl', u'u.s.', u'washington', u'national', u'spirit', u'last', u'world', u'teams', u'cup', u'plush', u'canadian', u'fc']",Non-Tech
"[u'game', u'warriors', u'curry', u'ankle', u'stephen', u'golden', u'houston', u'state', u'play', u'rockets', u'series', u'1', u'kerr', u'try', u'quarter', u'second', u'nba', u'conference', u'howard', u'season']",Non-Tech
"[u'goal', u'capitals', u'flyers', u'lead', u'holtby', u'game', u'washington', u'2-0', u'series', u'shot', u'shots', u'puck', u'net', u'period', u'way', u'center', u'first', u'front', u'wall', u'goalie']",Non-Tech
"[u'yards', u'spring', u'maryland', u'defensive', u'game', u'durkin', u'red-white', u'marylands', u'first', u'offense', u'defense', u'tackles', u'players', u'run', u'carries', u'junior', u'sacks', u'team', u'past', u'touchdowns']",Non-Tech
"[u'likely', u'defense', u'new-look', u'season', u'marylands', u'return', u'maryland', u'cornerback', u'game', u'defensive', u'first', u'yards', u'final', u'senior', u'coaching', u'big', u'ten', u'spring', u'past', u'learn']",Non-Tech
"[u'nba', u'team', u'percent', u'points', u'per', u'flaws', u'fatal', u'100', u'win', u'possessions', u'wont', u'post', u'favorite', u'allowed', u'season', u'years', u'10', u'offensive', u'playoffs', u'past']",Non-Tech
"[u'matches', u'committee', u'jong', u'de', u'nagbe', u'mls', u'nigel', u'darlington', u'miss', u'disciplinary', u'tackle', u'card', u'saying', u'houston', u'issued', u'sporting', u'yellow', u'player', u'likely', u'video']",Non-Tech
"[u'curry', u'obama', u'jumpshot', u'president', u'nba', u'mentorship', u'children', u'young', u'video', u'shot', u'tucked', u'house', u'play', u'keeper', u'celebration', u'keep', u'suggests', u'obamas', u'first', u'community']",Non-Tech
"[u'ramos', u'well', u'plate', u'wilson', u'last', u'season', u'lineup', u'4', u'ross', u'catchers', u'went', u'series', u'home', u'surgery', u'run', u'spring', u'great', u'major', u'philadelphia', u'improved']",Non-Tech
"[u'goal', u'capitals', u'flyers', u'lead', u'holtby', u'game', u'washington', u'2-0', u'series', u'shot', u'shots', u'puck', u'net', u'period', u'way', u'center', u'first', u'front', u'wall', u'goalie']",Non-Tech
"[u'scherzer', u'harper', u'nationals', u'phillies', u'hits', u'fifth', u'runs', u'games', u'baker', u'lineup', u'hit', u'home', u'max', u'8-1', u'washington', u'straight', u'well', u'bryce', u'past', u'second']",Non-Tech
"[u'series', u'win', u'goal', u'first', u'game', u'capitals', u'washington', u'4-1', u'night', u'short', u'flyers', u'caps', u'slapstick', u'way', u'team', u'thats', u'trotz', u'killer', u'season', u'play']",Non-Tech
"[u'wizards', u'draft', u'washington', u'nba', u'dont', u'trade', u'pick', u'season', u'oubre', u'morris', u'markieff', u'grunfeld', u'moments', u'selection', u'suns', u'rental', u'young', u'including', u'top-nine', u'power']",Non-Tech
"[u'network', u'sports', u'game', u'round', u'1', u'ch', u'washington', u'spring', u'tv', u'2', u'7', u'first', u'conference', u'fox', u'cup', u'4', u'8', u'11', u'championship', u'nbc']",Non-Tech
"[u'schmidt', u'ice', u'washington', u'playoff', u'nate', u'doesnt', u'orlov', u'time', u'orpik', u'defensive', u'carlson', u'game', u'defensemen', u'leaned', u'niskanen', u'getting', u'started', u'pair', u'coach', u'playoffs']",Non-Tech
"[u'couturier', u'minutes', u'flyers', u'ice', u'washington', u'season', u'sean', u'per', u'60', u'injury', u'well', u'schenn', u'game', u'chances', u'ovechkin', u'even', u'team', u'hes', u'spot', u'time']",Non-Tech
"[u'round', u'game', u'network', u'ch', u'conference', u'sports', u'first', u'1', u'3', u'washington', u'2', u'nbc', u'7', u'western', u'golf', u'cup', u'espnu', u'tour', u'final', u'eastern']",Non-Tech
"[u'capitals', u'game', u'flyers', u'worst', u'2016', u'april', u'win', u'2', u'washington', u'post', u'period', u'first', u'ovechkin', u'series', u'play', u'power', u'16', u'holtby', u'17', u'goal']",Non-Tech
"[u'redskins', u'schedule', u'washington', u'preseason', u'aug.', u'post', u'completed', u'nfl', u'draft', u'1', u'7', u'released', u'games', u'7:30', u'vs.', u'jason', u'overview', u'10', u'trade', u'cornerbacks']",Non-Tech
"[u'allen', u'jordan', u'shoe', u'brand', u'shoes', u'always', u'players', u'signed', u'ray', u'rookie', u'game', u'nba', u'wanted', u'pair', u'way', u'part', u'company', u'guys', u'thats', u'no-brainer']",Non-Tech
"[u'loyola', u'university', u'swoopes', u'chicago', u'basketball', u'investigation', u'sheryl', u'exodus', u'point', u'mass', u'athletic', u'hall', u'loyolas', u'team', u'naismith', u'according', u'players', u'womens', u'transferred', u'fame']",Non-Tech
"[u'redskins', u'washington', u'game', u'schedule', u'rating', u'2016', u'post', u'team', u'week', u'win', u'vs.', u'verify', u'actual', u'person', u'field', u'1', u'sun', u'oct.', u'fedex', u'giants']",Non-Tech
"[u'ross', u'starts', u'joe', u'first', u'innings', u'inning', u'change-up', u'fastball', u'season', u'pitch', u'count', u'early', u'per', u'phillies', u'balls', u'third', u'aggressive', u'ground', u'pretty', u'sinking']",Non-Tech
"[u'nba', u'conference', u'eastern', u'season', u'percent', u'playoffs', u'series', u'x-factors', u'love', u'hawks', u'second', u'miami', u'miles', u'often', u'likely', u'cleveland', u'advantages', u'point', u'third', u'all-star']",Non-Tech
"[u'nba', u'percent', u'offensive', u'portland', u'season', u'minutes', u'x-factors', u'playoffs', u'conference', u'kanter', u'thunder', u'capela', u'curry', u'houston', u'rockets', u'series', u'western', u'average', u'mccollum', u'game']",Non-Tech
"[u'maryland', u'gill', u'transfer', u'duquesne', u'draft', u'graduate', u'l.g', u'trimble', u'nba', u'texas', u'iowa', u'game', u'school', u'melo', u'announced', u'stone', u'last', u'according', u'april', u'jeff']",Non-Tech
"[u'redskins', u'games', u'washington', u'week', u'game', u'season', u'coach', u'former', u'steelers', u'vs.', u'browns', u'vikings', u'teams', u'schedule', u'fedex', u'night', u'cowboys', u'dallas', u'field', u'lewis']",Non-Tech
"[u'game', u'celtics', u'bradley', u'lineup', u'playoffs', u'nba', u'even', u'issues', u'injury', u'washington', u'post', u'series', u'raptors', u'thats', u'george', u'1', u'indiana', u'team', u'derozan', u'toronto']",Non-Tech
"[u'wizards', u'randy', u'wittman', u'team', u'washington', u'official', u'coach', u'grunfeld', u'playoff', u'season', u'seasons', u'particularly', u'expectations', u'january', u'led', u'players', u'first', u'identity', u'home', u'lack']",Non-Tech
"[u'spirit', u'washington', u'kick', u'lohman', u'bicycle', u'nwsl', u'1-0', u'opener', u'joanna', u'victory', u'team', u'national', u'york', u'last', u'april', u'womens', u'stephanie', u'flash', u'league', u'western']",Non-Tech
"[u'capitals', u'game', u'goal', u'2', u'teams', u'victory', u'special', u'washington', u'advantage', u'flyers', u'series', u'oshie', u'power', u'first', u'period', u'philadelphia', u'johansson', u'carlson', u'play', u'power-play']",Non-Tech
"[u'netting', u'foul', u'ball', u'fan', u'mlb', u'strikes', u'rays', u'woman', u'souza', u'ignored', u'extended', u'incident', u'steven', u'sections', u'balls', u'field', u'season', u'manfred', u'2016', u'hit']",Non-Tech
"[u'united', u'giovinco', u'toronto', u'last', u'mls', u'matches', u'rfk', u'sebastian', u'd.c.', u'fc', u'olsen', u'stadium', u'mvp', u'worra', u'forward', u'season', u'goals', u'scored', u'weekend', u'goal']",Non-Tech
"[u'shockclock', u'waking', u'indiegogo', u'shock', u'available', u'promises', u'dont', u'campaign', u'september', u'app', u'manage', u'resorts', u'intensity', u'sleep', u'makers', u'wristband', u'snooze', u'clock', u'avoid', u'shocked']",Tech
"[u'google', u'eu', u'android', u'charges', u'search', u'vestager', u'fine', u'competition', u'operating', u'company', u'mobile', u'dominance', u'eus', u'giant', u'phones', u'brussels', u'system', u'biggest', u'manufacturers', u'abused']",Tech
"[u'k7', u'phone', u'thats', u'rs', u'lg', u'screen', u'note', u'3', u'camera', u'redmi', u'even', u'great', u'10,000', u'less', u'battery', u'smartphone', u'5-megapixel', u'images', u'favour', u'processor']",Tech
"[u'device', u'evotag', u'pets', u'kids', u'evoxyz', u'smartphone', u'security', u'app', u'quickly', u'technology', u'child', u'technologies', u'alert', u'among', u'generate', u'currently', u'shilpa', u'sends', u'notification', u'organisations']",Tech
"[u'shakespeare', u'app', u'keyboard', u'swiftkeys', u'helps', u'london', u'shakespearean', u'fans', u'language', u'first', u'campaign', u'text', u'developed', u'visitlondon.com', u'smartphone', u'famous', u'tourism', u'works', u'anniversary', u'capital']",Tech
"[u'chromecast', u'google', u'audio', u'launched', u'india', u'3,399', u'rs', u'music', u'tv', u'including', u'available', u'speakers', u'wifi', u'possible', u'video', u'making', u'app', u'apps', u'saavn', u'design']",Tech
"[u'gaming', u'rog', u'asus', u'laptops', u'desktops', u'series', u'rs', u'always', u'launch', u'launched', u'gamers', u'2', u'graphics', u'stores', u'g551vw', u'storage', u'manager', u'gb', u'4k/uhd', u'g752vy']",Tech
"[u'google', u'maps', u'phone', u'way', u'route', u'trip', u'option', u'desktop', u'available', u'plan', u'set', u'send', u'destination', u'origin', u'open', u'generate', u'says', u'point', u'navigate', u'app']",Tech
"[u'shockclock', u'waking', u'indiegogo', u'shock', u'available', u'promises', u'dont', u'campaign', u'september', u'app', u'manage', u'resorts', u'intensity', u'sleep', u'makers', u'wristband', u'snooze', u'clock', u'avoid', u'shocked']",Tech
"[u'india', u'report', u'attacks', u'destination', u'lucrative', u'cyber', u'percent', u'asia', u'source', u'kaura', u'per', u'increase', u'cybercriminals', u'added', u'average', u'criminal', u'continues', u'second', u'even', u'indian']",Tech
"[u'device', u'evotag', u'pets', u'kids', u'evoxyz', u'smartphone', u'security', u'app', u'quickly', u'technology', u'child', u'technologies', u'alert', u'among', u'generate', u'currently', u'shilpa', u'sends', u'notification', u'organisations']",Tech
"[u'facebook', u'money', u'users', u'report', u'posts', u'feature', u'partners', u'jar', u'streaming', u'video', u'publishers', u'survey', u'revenue', u'website', u'sharing', u'verified', u'tip', u'user', u'rolling', u'saying']",Tech
"[u'china', u'books', u'movies', u'access', u'news', u'times', u'market', u'apples', u'itunes', u'blocks', u'tech', u'chinese', u'press', u'radio', u'state', u'report', u'chinas', u'television', u'xi', u'apple']",Tech
"[u'demo', u'ar', u'reality', u'hololens', u'company', u'device', u'magic', u'phantom', u'microsofts', u'leap', u'infographics', u'3d', u'released', u'jellyfish', u'mixed', u'augmented', u'793.5', u'people', u'seems', u'reported']",Tech
"[u'htc', u'10', u'camera', u'top', u'india', u'phones', u'phone', u'flagship', u'planning', u'announce', u'screen', u'megapixels', u'htcs', u'company', u'external', u'android', u'president', u'samsung', u'latest', u'currently']",Tech
"[u'shakespeare', u'app', u'keyboard', u'swiftkeys', u'helps', u'london', u'shakespearean', u'fans', u'language', u'first', u'campaign', u'text', u'developed', u'visitlondon.com', u'smartphone', u'famous', u'tourism', u'works', u'anniversary', u'capital']",Tech
"[u'throttle', u'tech', u'available', u'emails', u'email', u'firefox', u'pro', u'coming', u'life', u'operates', u'single', u'accounts', u'daily', u'newsletter', u'service', u'spam', u'chrome', u'currently', u'per', u'website']",Tech
"[u'google', u'maps', u'phone', u'way', u'route', u'trip', u'option', u'desktop', u'available', u'plan', u'set', u'send', u'destination', u'origin', u'open', u'generate', u'says', u'point', u'navigate', u'app']",Tech
"[u'k7', u'phone', u'thats', u'rs', u'lg', u'screen', u'note', u'3', u'camera', u'redmi', u'even', u'great', u'10,000', u'less', u'battery', u'smartphone', u'5-megapixel', u'images', u'favour', u'processor']",Tech
"[u'medium', u'china', u'internet', u'blocked', u'publishing', u'site', u'users', u'including', u'media', u'week', u'blocks', u'business', u'chinas', u'restrictions', u'last', u'outlets', u'websites', u'reuters', u'tests', u'online']",Tech
"[u'budget', u'phones', u'india', u'launch', u'presence', u'nexus', u'market', u'5x', u'expected', u'g5', u'however', u'phone', u'segment', u'flagship', u'affordable', u'set', u'features', u'modular', u'pie', u'offerings']",Tech
"[u'portable', u'keyboard', u'rolly', u'successor', u'available', u'india', u'bluetooth', u'screens', u'sometime', u'110', u'carry', u'rolls', u'tiniest', u'rows', u'2', u'easy', u'expected', u'predecessor', u'korea', u'around']",Tech
"[u'facebook', u'app', u'news', u'tech', u'people', u'testing', u'topics', u'stories', u'twitter', u'website', u'ios', u'mobile', u'spokesperson', u'feed', u'saying', u'unclear', u'quoted', u'topic', u'sources', u'mashable']",Tech
"[u'twitter', u'dorsey', u'ceo', u'salary', u'68,506', u'monthly', u'tech', u'people', u'users', u'micro-blogging', u'twitters', u'timeline', u'million', u'reported', u'active', u'news', u'company', u'tweets', u'limit', u'including']",Tech
"[u'quicktime', u'windows', u'trend', u'player', u'pc', u'micro', u'apples', u'security', u'software', u'comment', u'version', u'getting', u'discovered', u'warning', u'video', u'file', u'apply', u'declined', u'apple', u'web']",Tech
"[u'ola', u'25', u'uber', u'violating', u'including', u'cabs', u'transport', u'strict', u'department', u'fares', u'government', u'rules', u'impounded', u'delhi', u'app-based', u'taxis', u'action', u'taxi', u'pricing', u'yesterday']",Tech
"[u'throttle', u'tech', u'available', u'emails', u'email', u'firefox', u'pro', u'coming', u'life', u'operates', u'single', u'accounts', u'daily', u'newsletter', u'service', u'spam', u'chrome', u'currently', u'per', u'website']",Tech
"[u'price', u'list', u'amazon', u'online', u'york', u'times', u'bargains', u'prices', u'discounts', u'retailers', u'even', u'e-commerce', u'retail', u'percent', u'getting', u'mr.', u'case', u'site', u'retailer', u'buy']",Tech
"[u'rift', u'reality', u'virtual', u'oculus', u'game', u'headset', u'system', u'games', u'headgear', u'playstation', u'set', u'controller', u'apps', u'space', u'content', u'first', u'rifts', u'mr.', u'felt', u'time']",Tech
"[u'android', u'support', u'device', u'hardware', u'google', u'software', u'devices', u'companies', u'googles', u'nexus', u'provide', u'years', u'cellular', u'motorola', u'phones', u'along', u'os', u'system', u'line', u'control']",Tech
"[u'battery', u'life', u'smartphone', u'phone', u'tips', u'times', u'extending', u'myths', u'phones', u'app', u'using', u'power', u'wi-fi', u'apps', u'location', u'iphone', u'energy', u'android', u'percent', u'disable']",Tech
"[u'android', u'sync', u'google', u'desktop', u'computer', u'files', u'apps', u'devices', u'data', u'googles', u'information', u'drive', u'enter', u'calendar', u'contacts', u'connection', u'syncing', u'online', u'microsoft', u'tablet']",Tech
"[u'drivers', u'uber', u'cases', u'concessions', u'times', u'company', u'contractors', u'independent', u'driver', u'settlement', u'employees', u'california', u'case', u'changes', u'cancellation', u'states', u'app', u'deactivated', u'association', u'status']",Tech
"[u'business', u'microsofts', u'cloud', u'microsoft', u'revenue', u'investors', u'billion', u'percent', u'impact', u'pc', u'quarter', u'market', u'sales', u'company', u'computing', u'cents', u'share', u'fell', u'office', u'excluding']",Tech
"[u'lyft', u'uber', u'york', u'times', u'company', u'strategy', u'nice-guy', u'drivers', u'market', u'last', u'driver', u'percent', u'companies', u'zimmer', u'says', u'public', u'revenue', u'san', u'cities', u'weekly']",Tech
"[u'battery', u'upgrade', u'mr.', u'york', u'times', u'care', u'lai', u'storage', u'device', u'computer', u'memory', u'years', u'cycles', u'wiens', u'devices', u'android', u'number', u'data', u'apples', u'mobile']",Tech
"[u'pdfs', u'sync', u'pc', u'ipad', u'share', u'file', u'computer', u'itunes', u'app', u'open', u'cloud', u'ibooks', u'apples', u'including', u'menu', u'folder', u'adobe', u'library', u'various', u'reader']",Tech
"[u'google', u'search', u'regions', u'europe', u'company', u'regulatory', u'charges', u'mobile', u'years', u'services', u'privacy', u'expected', u'googles', u'european', u'law', u'antitrust', u'become', u'called', u'set', u'links']",Tech
"[u'rift', u'reality', u'virtual', u'oculus', u'game', u'headset', u'system', u'games', u'headgear', u'playstation', u'set', u'controller', u'apps', u'space', u'content', u'first', u'rifts', u'mr.', u'felt', u'time']",Tech
"[u'app', u'mr.', u'lunch', u'founders', u'viswanathan', u'success', u'lau', u'people', u'trafficking', u'last', u'week', u'users', u'time', u'even', u'company', u'university', u'start-up', u'friends', u'social', u'thats']",Tech
"[u'windows', u'10', u'upgrade', u'7', u'free', u'system', u'microsofts', u'offer', u'microsoft', u'latest', u'yet', u'29', u'fully', u'security', u'keep', u'compatible', u'software', u'upgrades', u'computer', u'company']",Tech
"[u'apple', u'china', u'chinas', u'tech', u'companies', u'scrutiny', u'longer', u'chinese', u'company', u'internet', u'apples', u'services', u'years', u'american', u'mr.', u'government', u'beijing', u'xi', u'state', u'security']",Tech
"[u'airbnb', u'local', u'app', u'travelers', u'people', u'wants', u'information', u'guidebooks', u'neighborhood', u'websites', u'travel', u'increasingly', u'using', u'schirmer', u'hosts', u'restaurants', u'million', u'business', u'home-sharing', u'service']",Tech
"[u'open', u'programs', u'x', u'login', u'os', u'automatically', u'list', u'log', u'starting', u'program', u'dock', u'click', u'items', u'turn', u'set', u'chrome', u'mac', u'icon', u'window', u'stop']",Tech
"[u'f.b.i', u'companies', u'tech', u'law', u'hackers', u'encryption', u'enforcement', u'hearing', u'technology', u'keep', u'hess', u'apple', u'company', u'ms.', u'information', u'york', u'apples', u'bill', u'security', u'devices']",Tech
"[u'android', u'googles', u'mobile', u'google', u'services', u'charges', u'open', u'claims', u'smartphone', u'search', u'manufacturers', u'software', u'including', u'european', u'cellphone', u'company', u'consumers', u'companys', u'europe', u'makers']",Tech
"[u'google', u'company', u'earnings', u'forecasts', u'quarter', u'business', u'core', u'million', u'last', u'revenue', u'mobile', u'less', u'2015', u'porat', u'analysts', u'cloud', u'investors', u'mr.', u'stock', u'billion']",Tech
"[u'data', u'cellular', u'settings', u'apps', u'app', u'android', u'ios', u'turn', u'connection', u'option', u'phone', u'usage', u'even', u'wi-fi', u'area', u'versions', u'windows', u'downloads', u'background', u'using']",Tech
"[u'plaintiffs', u'judge', u'class', u'madison', u'personal', u'information', u'suing', u'ashley', u'avid', u'ruled', u'sexual', u'names', u'proceed', u'court', u'users', u'represent', u'cases', u'seeking', u'identified', u'wrote']",Tech
"[u'facebook', u'users', u'algorithms', u'social', u'media', u'chronological', u'instagram', u'twitter', u'feed', u'sites', u'personalized', u'reverse', u'algorithm', u'feeds', u'control', u'prospect', u'people', u'predict', u'top', u'interact']",Tech
"[u'app', u'apps', u'environment', u'earth', u'free', u'understanding', u'ios', u'environmental', u'graphics', u'planet', u'information', u'together', u'content', u'easy', u'events', u'view', u'wwf', u'calendar', u'products', u'different']",Tech
"[u'app', u'write', u'novel', u'writing', u'text', u'keyboard', u'apps', u'traditional', u'tablet', u'words', u'word', u'android', u'paper', u'find', u'settings', u'found', u'works', u'free', u'interface', u'page']",Tech
"[u'app', u'apple', u'free', u'list', u'iphone', u'sleep', u'health', u'shows', u'items', u'playstation', u'weather', u'buy', u'heart', u'shopping', u'time', u'useful', u'add', u'easy', u'image', u'available']",Tech
"[u'app', u'dtl', u'founders', u'twitter', u'times', u'possible', u'lunch', u'people', u'april', u'complaints', u'problem', u'hit', u'feature', u'users', u'friends', u'time', u'limited', u'hunger', u'developed', u'overstepping']",Tech
"[u'iphone', u'se', u'smaller', u'6s', u'questions', u'apple', u'screen', u'four-inch', u'phone', u'hand', u'fit', u'upgrade', u'ses', u'iphones', u'5s', u'using', u'people', u'larger', u'photos', u'months']",Tech
"[u'android', u'support', u'device', u'hardware', u'google', u'software', u'devices', u'companies', u'googles', u'nexus', u'provide', u'years', u'cellular', u'motorola', u'phones', u'along', u'os', u'system', u'line', u'control']",Tech
"[u'apps', u'folder', u'folders', u'home', u'screen', u'ipad', u'app', u'empty', u'lonely', u'press', u'finger', u'drag', u'open', u'itunes', u'different', u'removing', u'begins', u'put', u'button', u'organize']",Tech
"[u'facebook', u'bot', u'bots', u'app', u'messenger', u'people', u'messaging', u'chatbots', u'shopping', u'spring', u'apps', u'chief', u'service', u'executive', u'company', u'conversation', u'platform', u'form', u'mobile', u'kik']",Tech
"[u'4k', u'tv', u'wait', u'ces', u'times', u'despite', u'hype', u'content', u'television', u'high', u'ultra', u'range', u'dynamic', u'sets', u'hd', u'samsung', u'resolution', u'1080p', u'high-definition', u'televisions']",Tech
"[u'drone', u'fly', u'app', u'drones', u'flying', u'phantom', u'regulations', u'video', u'first', u'djis', u'though', u'dji', u'rules', u'videos', u'camera', u'control', u'birthday', u'years', u'courses', u'little']",Tech
"[u'open', u'programs', u'x', u'login', u'os', u'automatically', u'list', u'log', u'starting', u'program', u'dock', u'click', u'items', u'turn', u'set', u'chrome', u'mac', u'icon', u'window', u'stop']",Tech
"[u'list', u'price', u'prices', u'deal', u'meaning', u'online', u'amazon', u'retailers', u'overstock', u'200', u'even', u'retail', u'selling', u'reference', u'suggested', u'customers', u'manufacturer', u'getting', u'40', u'sales']",Tech
"[u'privacy', u'european', u'deal', u'data-transfer', u'data', u'europes', u'changes', u'watchdogs', u'regulators', u'u.s.', u'companies', u'states', u'american', u'united', u'shield', u'national', u'agreement', u'protection', u'europe', u'agencies']",Tech
"[u'bots', u'bot', u'code', u'messenger', u'instead', u'time', u'text', u'years', u'overload', u'substituting', u'centers', u'developer', u'giant', u'cut', u'platform', u'helps', u'reformed', u'meant', u'around', u'digital']",Tech
"[u'web', u'page', u'10', u'windows', u'marking', u'pages', u'edge', u'mode', u'browser', u'corner', u'icons', u'save', u'notes', u'click', u'microsofts', u'pen', u'directly', u'copy', u'share', u'note']",Tech
"[u'years', u'quentin', u'times', u'mike', u'facebook', u'week', u'tech', u'farhad', u'zuckerberg', u'york', u'thing', u'microsoft', u'last', u'mark', u'big', u'virtual', u'platform', u'weeks', u'think', u'least']",Tech
"[u'f.b.i', u'software', u'used', u'hacking', u'encryption', u'decade', u'agents', u'mix', u'fight', u'iphone', u'trail', u'times', u'york', u'case', u'wiretap', u'records', u'documents', u'justice', u'department', u'animal']",Tech
"[u'microsoft', u'justice', u'department', u'gag', u'orders', u'statute', u'electronic', u'information', u'order', u'secrecy', u'smith', u'mr.', u'suit', u'government', u'legal', u'customers', u'companies', u'federal', u'prosecutors', u'privacy']",Tech
"[u'microsoft', u'information', u'law', u'justice', u'enforcement', u'offensive', u'department', u'order', u'find', u'giant', u'customers', u'investigators', u'company', u'customer', u'target', u'court', u'data', u'tip', u'argues', u'course']",Tech
"[u'ipad', u'game', u'devices', u'free', u'apps', u'apples', u'pigment', u'microsofts', u'screen', u'pro', u'well', u'office', u'apple', u'coloring', u'iphones', u'color', u'app', u'effects', u'iphone', u'control']",Tech
"[u'kindle', u'months', u'oasis', u'amazon', u'battery', u'life', u'device', u'reading', u'amazons', u'limp', u'mr.', u'family', u'devices', u'people', u'e-reader', u'cover', u'tablets', u'ounces', u'tablet', u'289']",Tech
"[u'facebook', u'older', u'people', u'love', u'post', u'sundar', u'younger', u'research', u'social', u'hes', u'friends', u'mr.', u'generations', u'keep', u'survey', u'status', u'media', u'updates', u'tagged', u'touch']",Tech
"[u'app', u'apple', u'free', u'list', u'iphone', u'sleep', u'health', u'shows', u'items', u'playstation', u'weather', u'buy', u'heart', u'shopping', u'time', u'useful', u'add', u'easy', u'image', u'available']",Tech
"[u'verizon', u'strike', u'customers', u'notice', u'people', u'company', u'wireless', u'plenty', u'trained', u'quality', u'service', u'union', u'workers', u'36,000', u'though', u'employees', u'wireline', u'went', u'among', u'stores']",Tech
"[u'app', u'write', u'novel', u'writing', u'text', u'keyboard', u'apps', u'traditional', u'tablet', u'words', u'word', u'android', u'paper', u'find', u'settings', u'found', u'works', u'free', u'interface', u'page']",Tech
"[u'kahoot', u'quiz', u'students', u'classroom', u'app', u'times', u'show', u'brand', u'mr', u'points', u'learning', u'school', u'game', u'video', u'games', u'social', u'million', u'digital', u'educators', u'material']",Tech
"[u'data', u'cellular', u'settings', u'apps', u'app', u'android', u'ios', u'turn', u'connection', u'option', u'phone', u'usage', u'even', u'wi-fi', u'area', u'versions', u'windows', u'downloads', u'background', u'using']",Tech
"[u'verizon', u'strike', u'workers', u'wireline', u'services', u'affect', u'verizons', u'york', u'service', u'wireless', u'consumers', u'customer', u'fill', u'phone', u'including', u'unionized', u'affected', u'unions', u'business', u'went']",Tech
"[u'apps', u'folder', u'folders', u'home', u'screen', u'ipad', u'app', u'empty', u'lonely', u'press', u'finger', u'drag', u'open', u'itunes', u'different', u'removing', u'begins', u'put', u'button', u'organize']",Tech
"[u'rift', u'reality', u'virtual', u'oculus', u'game', u'headset', u'system', u'games', u'headgear', u'playstation', u'set', u'controller', u'apps', u'space', u'content', u'first', u'rifts', u'mr.', u'felt', u'time']",Tech
"[u'stock', u'companies', u'tech', u'compensation', u'workers', u'stock-based', u'employees', u'scrutiny', u'paying', u'times', u'company', u'linkedin', u'companys', u'percent', u'earnings', u'price', u'shares', u'pay', u'hindlian', u'street']",Tech
"[u'android', u'support', u'device', u'hardware', u'google', u'software', u'devices', u'companies', u'googles', u'nexus', u'provide', u'years', u'cellular', u'motorola', u'phones', u'along', u'os', u'system', u'line', u'control']",Tech
"[u'ibm', u'percent', u'cloud', u'ibms', u'data', u'results', u'businesses', u'progress', u'billion', u'quarter', u'workers', u'gains', u'business', u'last', u'analysts', u'companys', u'company', u'software', u'watson', u'growth']",Tech
"[u'genetic', u'samples', u'plants', u'phylos', u'plant', u'information', u'data', u'visualization', u'dr.', u'york', u'strains', u'holmes', u'company', u'start-up', u'marijuana', u'3-d', u'plans', u'galaxy', u'sequencing', u'evolution']",Tech
"[u'google', u'forgotten', u'internet', u'search', u'government', u'appears', u'european', u'years', u'giant', u'searchable', u'fail', u'access', u'power', u'commercial', u'however', u'story', u'union', u'else', u'whether', u'books']",Tech
"[u'antitrust', u'google', u'googles', u'android', u'europe', u'european', u'charges', u'services', u'company', u'operating', u'search', u'system', u'mobile', u'competition', u'expected', u'companys', u'officials', u'manufacturers', u'online', u'position']",Tech
"[u'battery', u'upgrade', u'mr.', u'york', u'times', u'care', u'lai', u'storage', u'device', u'computer', u'memory', u'years', u'cycles', u'wiens', u'devices', u'phones', u'android', u'number', u'data', u'apples']",Tech
"[u'google', u'search', u'regions', u'europe', u'company', u'regulatory', u'charges', u'mobile', u'years', u'services', u'privacy', u'expected', u'googles', u'european', u'law', u'antitrust', u'become', u'called', u'set', u'links']",Tech
"[u'windows', u'10', u'upgrade', u'7', u'free', u'system', u'microsofts', u'offer', u'microsoft', u'latest', u'yet', u'29', u'fully', u'security', u'keep', u'compatible', u'software', u'upgrades', u'computer', u'company']",Tech
"[u'drone', u'fly', u'app', u'drones', u'flying', u'phantom', u'regulations', u'video', u'first', u'djis', u'though', u'dji', u'rules', u'videos', u'camera', u'control', u'birthday', u'years', u'courses', u'little']",Tech
"[u'airbnb', u'local', u'app', u'travelers', u'people', u'wants', u'information', u'guidebooks', u'neighborhood', u'websites', u'travel', u'increasingly', u'using', u'schirmer', u'hosts', u'restaurants', u'million', u'business', u'home-sharing', u'service']",Tech
"[u'open', u'programs', u'x', u'login', u'os', u'automatically', u'list', u'log', u'starting', u'program', u'dock', u'click', u'items', u'turn', u'set', u'chrome', u'mac', u'icon', u'window', u'stop']",Tech
"[u'f.b.i', u'companies', u'tech', u'law', u'hackers', u'encryption', u'enforcement', u'hearing', u'technology', u'keep', u'hess', u'apple', u'company', u'ms.', u'information', u'york', u'apples', u'bill', u'security', u'devices']",Tech
"[u'virtual', u'reality', u'companies', u'media', u'times', u'york', u'frontier', u'otoy', u'discovery', u'million', u'company', u'whose', u'funding', u'entertainment', u'become', u'according', u'software', u'participated', u'platform', u'video']",Tech
"[u'web', u'page', u'10', u'windows', u'marking', u'pages', u'edge', u'mode', u'browser', u'corner', u'icons', u'save', u'notes', u'click', u'microsofts', u'pen', u'directly', u'copy', u'share', u'note']",Tech
"[u'google', u'antitrust', u'rules', u'europes', u'charged', u'mobile', u'breaking', u'smartphone', u'software', u'search', u'android', u'services', u'manufacturers', u'european', u'googles', u'charges', u'competition', u'consumers', u'revenue', u'company']",Tech
"[u'ipad', u'game', u'devices', u'free', u'apps', u'apples', u'pigment', u'microsofts', u'screen', u'pro', u'well', u'office', u'apple', u'coloring', u'iphones', u'color', u'app', u'effects', u'iphone', u'control']",Tech
"[u'kindle', u'months', u'oasis', u'amazon', u'battery', u'life', u'device', u'reading', u'amazons', u'limp', u'mr.', u'family', u'devices', u'people', u'e-reader', u'cover', u'tablets', u'ounces', u'tablet', u'289']",Tech
"[u'google', u'books', u'court', u'supreme', u'authors', u'copyright', u'brief', u'case', u'challenge', u'library', u'project', u'digital', u'text', u'readers', u'fair', u'decision', u'statement', u'guild', u'writers', u'sector']",Tech
"[u'app', u'write', u'novel', u'writing', u'text', u'keyboard', u'apps', u'traditional', u'tablet', u'words', u'word', u'android', u'paper', u'find', u'settings', u'found', u'works', u'free', u'interface', u'page']",Tech
"[u'intel', u'pc', u'demand', u'12,000', u'company', u'chips', u'computing', u'revenue', u'cloud', u'mr.', u'years', u'restructuring', u'percent', u'krzanich', u'last', u'pcs', u'things', u'layoffs', u'billion', u'chief']",Tech
"[u'kahoot', u'quiz', u'students', u'classroom', u'app', u'times', u'show', u'brand', u'mr', u'points', u'learning', u'school', u'game', u'video', u'games', u'social', u'million', u'digital', u'educators', u'material']",Tech
"[u'google', u'privacy', u'times', u'company', u'york', u'rein', u'europe', u'european', u'decisions', u'search', u'requests', u'links', u'europes', u'data', u'regulators', u'public', u'must', u'process', u'court', u'removed']",Tech
"[u'app', u'apple', u'free', u'list', u'iphone', u'sleep', u'health', u'shows', u'items', u'playstation', u'weather', u'buy', u'heart', u'shopping', u'time', u'useful', u'add', u'easy', u'image', u'available']",Tech
"[u'yahoos', u'yahoo', u'revenue', u'company', u'suitors', u'financial', u'business', u'results', u'board', u'quarter', u'mayer', u'sale', u'chief', u'executive', u'buyer', u'billion', u'ms.', u'equity', u'internet', u'million']",Tech
"[u'space', u'u.s.', u'sputnik', u'advocate', u'debris', u'even', u'way', u'commercial', u'bridenstine', u'agency', u'air', u'hes', u'nasa', u'force', u'concerned', u'potential', u'satellites', u'collisions', u'national', u'officials']",Tech
"[u'phone', u'textalyzer', u'bill', u'access', u'lieberman', u'technology', u'distracted', u'law', u'warrant', u'records', u'rights', u'driving', u'police', u'crash', u'dorc', u'civil', u'ben', u'driver', u'device', u'obtain']",Tech
"[u'women', u'pay', u'microsoft', u'men', u'facebook', u'problem', u'equal', u'post', u'tech', u'companies', u'leadership', u'gap', u'roles', u'maatz', u'even', u'jobs', u'including', u'positions', u'earn', u'issue']",Tech
"[u'cable', u'comcast', u'box', u'washington', u'consumers', u'comcasts', u'post', u'fcc', u'industry', u'tv', u'video', u'app', u'company', u'content', u'officials', u'companies', u'say', u'agency', u'rules', u'even']",Tech
"[u'security', u'world', u'cybersecurity', u'box', u'digital', u'technology', u'government', u'fbi', u'physical', u'laws', u'even', u'apple', u'encryption', u'data', u'increasingly', u'years', u'impact', u'collective', u'fully', u'concluded']",Tech
"[u'netflix', u'post', u'washington', u'stock', u'quarter', u'million', u'amazon', u'video', u'company', u'growth', u'content', u'expected', u'executive', u'quarters', u'nearly', u'subscribers', u'projections', u'internet', u'international', u'announced']",Tech
"[u'alphabet', u'advertising', u'google', u'company', u'online', u'mobile', u'revenue', u'million', u'fell', u'percent', u'earnings', u'short', u'facebook', u'quarter', u'projected', u'googles', u'operating', u'strong', u'first', u'billion']",Tech
"[u'verizon', u'technology', u'service', u'company', u'workers', u'customers', u'strike', u'human', u'jobs', u'employees', u'biggest', u'customer', u'even', u'temporary', u'union', u'worker', u'mudge', u'things', u'president', u'years']",Tech
"[u'google', u'books', u'court', u'copyright', u'decade-long', u'decision', u'fight', u'authors', u'guild', u'supreme', u'case', u'circuit', u'statement', u'transformative', u'alliance', u'giant', u'fair', u'second', u'legal', u'stand']",Tech
"[u'google', u'european', u'post', u'accusing', u'search', u'android', u'mobile', u'commission', u'company', u'charges', u'antitrust', u'manufacturers', u'devices', u'operating', u'pre-install', u'union', u'store', u'tech', u'including', u'giant']",Tech
"[u'quicktime', u'windows', u'users', u'security', u'apple', u'post', u'software', u'uninstall', u'program', u'micro', u'trend', u'vulnerabilities', u'risk', u'updates', u'cybersecurity', u'attacks', u'firm', u'supported', u'ending', u'discovered']",Tech
"[u'facebook', u'posts', u'jar', u'looking', u'post', u'washington', u'tip', u'survey', u'platform', u'articles', u'users', u'content', u'personal', u'questions', u'analytics', u'audience', u'led', u'instant', u'social', u'revenue']",Tech
"[u'vr', u'facebook', u'social', u'virtual', u'sheikh', u'ambitious', u'oculus', u'reality', u'world', u'headset', u'research', u'interaction', u'plans', u'rift', u'actually', u'far', u'course', u'team', u'people', u'users']",Tech
"[u'tidal', u'lawsuit', u'west', u'kanye', u'people', u'post', u'album', u'washington', u'information', u'exclusive', u'personal', u'never', u'pablo', u'life', u'complaint', u'streaming', u'million', u'baker-rhett', u'apple', u'numbers']",Tech
"[u'patent', u'apple', u'lawsuit', u'siri', u'advances', u'dynamic', u'million', u'suit', u'companies', u'lawsuits', u'patents', u'rensselaer', u'marathon', u'settlement', u'sued', u'settle', u'infringed', u'non-practicing', u'language', u'according']",Tech
"[u'judge', u'madison', u'suit', u'identities', u'class-action', u'ashley', u'represent', u'hack', u'litigation', u'personal', u'anonymous', u'ruled', u'ars', u'public', u'reported', u'last', u'technica', u'people', u'interest', u'remain']",Tech
"[u'xbox', u'360', u'microsoft', u'post', u'sales', u'continue', u'gaming', u'games', u'time', u'stores', u'decade', u'death', u'early', u'debut', u'sold', u'million', u'console', u'manufacturing', u'support', u'company']",Tech
"[u'airbnb', u'unions', u'post', u'washington', u'biggest', u'nations', u'15', u'seiu', u'union', u'workers', u'platform', u'home', u'hotel', u'local', u'wage', u'cleaners', u'deal', u'people', u'agreement', u'york']",Tech
"[u'internet', u'americans', u'wired', u'percent', u'home', u'households', u'data', u'2013', u'mobile-only', u'companies', u'people', u'compared', u'even', u'years', u'web', u'wireless', u'access', u'mobile', u'100,000', u'money']",Tech
"[u'data', u'open', u'zika', u'science', u'solve', u'researchers', u'research', u'ebola', u'scientists', u'published', u'health', u'virus', u'public', u'sharing', u'critical', u'global', u'synthetic', u'dna', u'genomes', u'journals']",Tech
"[u'google.com', u'google', u'dangerous', u'site', u'safe', u'partially', u'browsing', u'post', u'warning', u'status', u'page', u'scans', u'tool', u'problems', u'flagged', u'sites', u'content', u'last', u'information', u'suggest']",Tech
"[u'cable', u'internet', u'charter', u'comcast', u'wireless', u'companies', u'company', u'service', u'fcc', u'mobile', u'wired', u'time', u'providers', u'warner', u'americans', u'verizon', u'provider', u'consumers', u'markets', u'data']",Tech
"[u'dreamworks', u'comcast', u'buying', u'deal', u'acquisition', u'3.8', u'regulators', u'company', u'billion', u'cable', u'nbcuniversal', u'movies', u'animation', u'content', u'business', u'nbcu', u'way', u'say', u'media', u'including']",Tech
"[u'space', u'earth', u'astronauts', u'planet', u'beautiful', u'footage', u'stunning', u'star', u'station', u'experience', u'film', u'coming', u'first', u'seeing', u'imax', u'mcdivitt', u'houston', u'children', u'hope', u'miles']",Tech
"[u'watson', u'sesame', u'learning', u'workshop', u'products', u'teachers', u'learn', u'education', u'neti', u'show', u'children', u'kids', u'tools', u'ibm', u'really', u'years', u'youngwood', u'providing', u'words', u'level']",Tech
"[u'apple', u'tesla', u'needs', u'musk', u'space', u'visionary', u'billion', u'model', u'operations', u'consider', u'executive', u'steve', u'cook', u'jobs', u'iphone', u'released', u'apples', u'developed', u'spacex', u'announcement']",Tech
"[u'study', u'social', u'articles', u'wikipedia', u'norms', u'bureaucratic', u'structures', u'website', u'editors', u'article', u'created', u'community', u'editing', u'users', u'less', u'including', u'adhere', u'group', u'norm', u'big']",Tech
"[u'facebook', u'tech', u'earnings', u'big', u'companies', u'ad', u'post', u'great', u'analysts', u'mobile', u'street', u'firms', u'wall', u'investors', u'mian', u'sector', u'expectations', u'world', u'twitter', u'around']",Tech
"[u'music', u'streaming', u'tidal', u'album', u'lemonade', u'available', u'post', u'washington', u'war', u'latest', u'platform', u'last', u'platforms', u'exclusive', u'spotify', u'beyonc', u'subscriptions', u'first', u'apple', u'pablo']",Tech
"[u'apple', u'icahn', u'billionaire', u'carl', u'company', u'world', u'shares', u'sold', u'reported', u'market', u'firm', u'percent', u'earnings', u'stock', u'week', u'billion', u'first', u'smartphone', u'cook', u'quarter']",Tech
"[u'police', u'real', u'house', u'bill', u'sentence', u'spaces', u'victim', u'swat', u'prison', u'team', u'trend', u'gamers', u'internet', u'guns', u'threat', u'vote', u'swatting', u'passed', u'20-year', u'information']",Tech
"[u'games', u'actors', u'game', u'video', u'ashmore', u'hollywood', u'character', u'performance', u'star', u'lake', u'wanted', u'television', u'break', u'even', u'movie', u'players', u'jack', u'movies', u'player', u'different']",Tech
"[u'klingon', u'brief', u'star', u'trek', u'legal', u'written', u'language', u'post', u'cbs', u'film', u'paramount', u'copyright', u'group', u'real', u'fan', u'creation', u'axanar', u'court', u'defenders', u'win']",Tech
"[u'comcast', u'data', u'caps', u'fee', u'post', u'customers', u'cable', u'charter', u'internet', u'company', u'cap', u'percent', u'markets', u'pay', u'telecom', u'gb', u'subscribers', u'50', u'terabyte', u'quarter']",Tech
"[u'businesses', u'fcc', u'business', u'data', u'broadband', u'washington', u'market', u'services', u'telecom', u'institutional', u'customers', u'cable', u'providing', u'service', u'industry', u'fees', u'verizon', u'providers', u'process', u'carriers']",Tech
"[u'foursquare', u'chipotle', u'data', u'post', u'things', u'sales', u'million', u'predictions', u'store', u'companies', u'company', u'predict', u'location', u'smartphone', u'street', u'world', u'drop', u'foursquares', u'announced', u'available']",Tech
"[u'police', u'sexual', u'dallas', u'assault', u'victims', u'online', u'post', u'names', u'published', u'data', u'washington', u'people', u'department', u'complained', u'cranor', u'departments', u'victim', u'cases', u'crime', u'records']",Tech
"[u'court', u'internet', u'important', u'fcc', u'washington', u'neutrality', u'net', u'supreme', u'rules', u'lawsuit', u'companies', u'decision', u'providers', u'result', u'reclassification', u'appeal', u'last', u'legal', u'uphold', u'justice']",Tech
"[u'vr', u'facebook', u'social', u'virtual', u'sheikh', u'ambitious', u'oculus', u'reality', u'world', u'headset', u'research', u'interaction', u'plans', u'rift', u'actually', u'far', u'course', u'team', u'people', u'users']",Tech
"[u'outpost', u'space', u'lockheeds', u'ground', u'habitat', u'proving', u'orion', u'astronauts', u'program', u'crew', u'pratt', u'lockheed', u'launch', u'mars', u'nasa', u'practice', u'idea', u'inflated', u'propulsion', u'moon']",Tech
"[u'htc', u'phone', u'10', u'basics', u'htcs', u'camera', u'company', u'apps', u'smartphone', u'google', u'screen', u'icons', u'app', u'firm', u'sound', u'promising', u'competitors', u'android', u'photos', u'gold']",Tech
"[u'security', u'world', u'cybersecurity', u'box', u'digital', u'technology', u'government', u'fbi', u'physical', u'laws', u'even', u'apple', u'encryption', u'data', u'increasingly', u'years', u'impact', u'collective', u'fully', u'concluded']",Tech
"[u'netflix', u'post', u'washington', u'stock', u'quarter', u'million', u'amazon', u'video', u'company', u'growth', u'content', u'expected', u'executive', u'quarters', u'nearly', u'subscribers', u'projections', u'internet', u'international', u'announced']",Tech
"[u'verizon', u'technology', u'service', u'company', u'workers', u'customers', u'strike', u'human', u'jobs', u'employees', u'biggest', u'customer', u'even', u'temporary', u'union', u'worker', u'mudge', u'things', u'president', u'years']",Tech
"[u'google', u'books', u'court', u'copyright', u'decade-long', u'decision', u'fight', u'authors', u'guild', u'supreme', u'case', u'circuit', u'statement', u'transformative', u'alliance', u'giant', u'fair', u'second', u'legal', u'stand']",Tech
"[u'bots', u'app', u'store', u'google', u'apple', u'bot', u'apps', u'facebook', u'companies', u'build', u'microsoft', u'chat', u'services', u'set', u'intelligence', u'technology', u'platforms', u'even', u'consumers', u'ask']",Tech
"[u'sexting', u'colorado', u'state', u'nude', u'offenders', u'sex', u'post', u'caught', u'require', u'charges', u'register', u'school', u'charge', u'teens', u'involved', u'images', u'bill', u'misdemeanor', u'police', u'creek']",Tech
"[u'vr', u'facebook', u'social', u'virtual', u'sheikh', u'ambitious', u'oculus', u'reality', u'world', u'headset', u'research', u'interaction', u'plans', u'rift', u'actually', u'far', u'course', u'team', u'people', u'users']",Tech
"[u'tidal', u'lawsuit', u'west', u'kanye', u'people', u'post', u'album', u'washington', u'information', u'exclusive', u'personal', u'never', u'pablo', u'life', u'complaint', u'streaming', u'million', u'baker-rhett', u'apple', u'numbers']",Tech
"[u'court', u'internet', u'important', u'fcc', u'washington', u'neutrality', u'net', u'supreme', u'rules', u'lawsuit', u'companies', u'decision', u'providers', u'result', u'reclassification', u'appeal', u'last', u'legal', u'uphold', u'justice']",Tech
"[u'patent', u'apple', u'lawsuit', u'siri', u'advances', u'dynamic', u'million', u'suit', u'companies', u'lawsuits', u'patents', u'rensselaer', u'marathon', u'settlement', u'sued', u'settle', u'infringed', u'non-practicing', u'language', u'according']",Tech
"[u'internet', u'americans', u'wired', u'percent', u'home', u'households', u'data', u'2013', u'mobile-only', u'companies', u'people', u'compared', u'even', u'years', u'web', u'wireless', u'access', u'mobile', u'100,000', u'money']",Tech
"[u'google.com', u'google', u'dangerous', u'site', u'safe', u'partially', u'browsing', u'post', u'warning', u'status', u'page', u'scans', u'tool', u'problems', u'flagged', u'sites', u'content', u'last', u'information', u'suggest']",Tech
"[u'airbnb', u'unions', u'post', u'washington', u'biggest', u'nations', u'15', u'seiu', u'union', u'workers', u'platform', u'home', u'hotel', u'local', u'wage', u'cleaners', u'deal', u'people', u'agreement', u'york']",Tech
"[u'quicktime', u'windows', u'users', u'security', u'apple', u'post', u'software', u'uninstall', u'program', u'micro', u'trend', u'vulnerabilities', u'risk', u'updates', u'cybersecurity', u'attacks', u'firm', u'supported', u'ending', u'discovered']",Tech
"[u'sexting', u'colorado', u'state', u'eighth', u'nude', u'offenders', u'sex', u'post', u'caught', u'require', u'charges', u'register', u'school', u'charge', u'teens', u'involved', u'images', u'bill', u'misdemeanor', u'police']",Tech
"[u'highlights', u'magazine', u'app', u'kids', u'puzzles', u'johnson', u'articles', u'pieces', u'time', u'paper', u'fingerprint', u'content', u'screen', u'experience', u'games', u'first', u'videos', u'company', u'mobile', u'daily']",Tech
"[u'data', u'box', u'companies', u'amazon', u'company', u'problem', u'storage', u'post', u'washington', u'levie', u'ibm', u'solve', u'cloud', u'services', u'years', u'businesses', u'world', u'deal', u'zones', u'business']",Tech
